experiment_id,support_id,query_id,support_gsd,query_gsd,scene_type,prompt_type,prob_mean,prob_std,p90,p95,p99,prob_max,fg_ratio@0.3,fg_ratio@0.5,fg_ratio@0.7,IoU,Precision,Recall,F1,runtime_ms,peak_gpu_memory_mb,model_version,checkpoint_digest,seed
Q01-building-01,building-01,Q01,1.0,1.0,positive,building,0.1687505841255188,0.13211309909820557,0.35587048530578613,0.4315603971481323,0.5330122113227844,0.7010754942893982,0.16650390625,0.02158355712890625,1.52587890625e-05,,,,,248.7988700158894,11501.28173828125,research-v1,32a08982baea125f60feb95fe0a04dfe450ec9c12ee846384cbadd8ff6c5661c,42
Q01-vegetation-control,vegetation-control,Q01,1.0,1.0,positive,wrong_vegetation,0.20755980908870697,0.21287332475185394,0.5301035642623901,0.5621193051338196,0.6117714643478394,0.6899592876434326,0.3601570129394531,0.14789199829101562,0.0,,,,,244.1709180129692,11501.28173828125,research-v1,32a08982baea125f60feb95fe0a04dfe450ec9c12ee846384cbadd8ff6c5661c,42
Q02-building-01,building-01,Q02,1.0,1.0,positive,building,0.15561404824256897,0.14887948334217072,0.39560702443122864,0.4854043126106262,0.5775878429412842,0.7803823947906494,0.16874313354492188,0.04290771484375,0.000698089599609375,,,,,246.0383001016453,11501.28173828125,research-v1,32a08982baea125f60feb95fe0a04dfe450ec9c12ee846384cbadd8ff6c5661c,42
Q02-vegetation-control,vegetation-control,Q02,1.0,1.0,positive,wrong_vegetation,0.12154308706521988,0.16880452632904053,0.399192214012146,0.545203685760498,0.6032285094261169,0.6500586271286011,0.1573944091796875,0.06723403930664062,0.0,,,,,247.34310491476208,11501.28173828125,research-v1,32a08982baea125f60feb95fe0a04dfe450ec9c12ee846384cbadd8ff6c5661c,42
Q03-building-01,building-01,Q03,1.0,1.0,positive,building,0.0935756117105484,0.09118828177452087,0.22934956848621368,0.2808225750923157,0.3626815676689148,0.550104558467865,0.03693389892578125,0.00049591064453125,0.0,,,,,244.5774289080873,11501.28173828125,research-v1,32a08982baea125f60feb95fe0a04dfe450ec9c12ee846384cbadd8ff6c5661c,42
Q03-vegetation-control,vegetation-control,Q03,1.0,1.0,positive,wrong_vegetation,0.11475756764411926,0.1283896565437317,0.3299410343170166,0.401574969291687,0.46017467975616455,0.636340320110321,0.12435531616210938,0.000858306884765625,0.0,,,,,249.7874009422958,11501.28173828125,research-v1,32a08982baea125f60feb95fe0a04dfe450ec9c12ee846384cbadd8ff6c5661c,42
Q04-building-01,building-01,Q04,1.0,1.0,positive,building,0.07043106853961945,0.08240017294883728,0.19809813797473907,0.2512052655220032,0.3302778899669647,0.5151248574256897,0.018291473388671875,0.000202178955078125,0.0,,,,,242.72061290685087,11501.28173828125,research-v1,32a08982baea125f60feb95fe0a04dfe450ec9c12ee846384cbadd8ff6c5661c,42
Q04-vegetation-control,vegetation-control,Q04,1.0,1.0,positive,wrong_vegetation,0.14116835594177246,0.14190132915973663,0.36246031522750854,0.39964911341667175,0.46690747141838074,0.6592788696289062,0.19504928588867188,0.00234222412109375,0.0,,,,,244.60823193658143,11501.28173828125,research-v1,32a08982baea125f60feb95fe0a04dfe450ec9c12ee846384cbadd8ff6c5661c,42
Q05-building-01,building-01,Q05,1.0,1.0,negative,building,0.1835820972919464,0.18174433708190918,0.46340352296829224,0.5343775749206543,0.6127848625183105,0.7146769165992737,0.2732200622558594,0.07379913330078125,1.52587890625e-05,,,,,247.17059801332653,11501.28173828125,research-v1,32a08982baea125f60feb95fe0a04dfe450ec9c12ee846384cbadd8ff6c5661c,42
Q05-vegetation-control,vegetation-control,Q05,1.0,1.0,negative,wrong_vegetation,0.3535611629486084,0.24735331535339355,0.6653558015823364,0.7054740786552429,0.7623019218444824,0.8363013863563538,0.5655403137207031,0.3831787109375,0.056041717529296875,,,,,245.87236996740103,11501.28173828125,research-v1,32a08982baea125f60feb95fe0a04dfe450ec9c12ee846384cbadd8ff6c5661c,42
Q06-building-01,building-01,Q06,1.0,1.0,negative,building,0.1152861937880516,0.12506522238254547,0.3217124938964844,0.36837661266326904,0.4149979054927826,0.48512813448905945,0.12785720825195312,0.0,0.0,,,,,244.97085495386273,11501.28173828125,research-v1,32a08982baea125f60feb95fe0a04dfe450ec9c12ee846384cbadd8ff6c5661c,42
Q06-vegetation-control,vegetation-control,Q06,1.0,1.0,negative,wrong_vegetation,0.21610644459724426,0.20957161486148834,0.5320354700088501,0.569033682346344,0.6332090497016907,0.6970945596694946,0.3541412353515625,0.15771865844726562,0.0,,,,,243.4440420474857,11501.28173828125,research-v1,32a08982baea125f60feb95fe0a04dfe450ec9c12ee846384cbadd8ff6c5661c,42
Q07-building-01,building-01,Q07,1.0,1.0,negative,building,0.14036154747009277,0.16144602000713348,0.35122522711753845,0.5567092299461365,0.6684796214103699,0.7031329870223999,0.13554000854492188,0.060611724853515625,1.9073486328125e-05,,,,,246.81169097311795,11501.28173828125,research-v1,32a08982baea125f60feb95fe0a04dfe450ec9c12ee846384cbadd8ff6c5661c,42
Q07-vegetation-control,vegetation-control,Q07,1.0,1.0,negative,wrong_vegetation,0.3371771275997162,0.19281715154647827,0.5872946381568909,0.6689361333847046,0.7259107828140259,0.7850214242935181,0.5526161193847656,0.240631103515625,0.032527923583984375,,,,,248.40437597595155,11501.28173828125,research-v1,32a08982baea125f60feb95fe0a04dfe450ec9c12ee846384cbadd8ff6c5661c,42
Q08-building-01,building-01,Q08,1.0,1.0,negative,building,0.12392699718475342,0.10853493213653564,0.2931244671344757,0.3162989616394043,0.37188228964805603,0.4729209542274475,0.08263397216796875,0.0,0.0,,,,,243.59011196065694,11501.28173828125,research-v1,32a08982baea125f60feb95fe0a04dfe450ec9c12ee846384cbadd8ff6c5661c,42
Q08-vegetation-control,vegetation-control,Q08,1.0,1.0,negative,wrong_vegetation,0.27391737699508667,0.20775972306728363,0.5725224614143372,0.6098669767379761,0.6472517251968384,0.6933730244636536,0.4297599792480469,0.20845413208007812,0.0,,,,,246.39746092725545,11501.28173828125,research-v1,32a08982baea125f60feb95fe0a04dfe450ec9c12ee846384cbadd8ff6c5661c,42
Q09-building-01,building-01,Q09,1.0,1.0,negative,building,0.32365506887435913,0.153021901845932,0.4937993586063385,0.5141775012016296,0.5492359399795532,0.6907973289489746,0.6541748046875,0.08531570434570312,0.0,,,,,246.01913709193468,11501.28173828125,research-v1,32a08982baea125f60feb95fe0a04dfe450ec9c12ee846384cbadd8ff6c5661c,42
Q09-vegetation-control,vegetation-control,Q09,1.0,1.0,negative,wrong_vegetation,0.43316003680229187,0.16813533008098602,0.6340537667274475,0.6641831994056702,0.705292284488678,0.7625970244407654,0.7607917785644531,0.4102020263671875,0.012653350830078125,,,,,246.9443209702149,11501.28173828125,research-v1,32a08982baea125f60feb95fe0a04dfe450ec9c12ee846384cbadd8ff6c5661c,42
Q10-building-01,building-01,Q10,1.0,1.0,negative,building,0.2315640151500702,0.13952381908893585,0.41569608449935913,0.48103269934654236,0.5694393515586853,0.8266857266426086,0.3332862854003906,0.041042327880859375,0.0004119873046875,,,,,245.05634198430926,11501.28173828125,research-v1,32a08982baea125f60feb95fe0a04dfe450ec9c12ee846384cbadd8ff6c5661c,42
Q10-vegetation-control,vegetation-control,Q10,1.0,1.0,negative,wrong_vegetation,0.38966116309165955,0.20181545615196228,0.6252939105033875,0.6634801030158997,0.6972610354423523,0.8116914629936218,0.682373046875,0.37799835205078125,0.008575439453125,,,,,245.9773119771853,11501.28173828125,research-v1,32a08982baea125f60feb95fe0a04dfe450ec9c12ee846384cbadd8ff6c5661c,42
Q11-building-01,building-01,Q11,1.0,1.0,mixed,building,0.10512907803058624,0.07489053905010223,0.20632807910442352,0.2413402944803238,0.3159037232398987,0.4896698296070099,0.013759613037109375,0.0,0.0,,,,,244.90442406386137,11501.28173828125,research-v1,32a08982baea125f60feb95fe0a04dfe450ec9c12ee846384cbadd8ff6c5661c,42
Q11-vegetation-control,vegetation-control,Q11,1.0,1.0,mixed,wrong_vegetation,0.28949761390686035,0.1796199381351471,0.530741810798645,0.568793773651123,0.6418923735618591,0.6765792965888977,0.4682884216308594,0.15894699096679688,0.0,,,,,248.68513899855316,11501.28173828125,research-v1,32a08982baea125f60feb95fe0a04dfe450ec9c12ee846384cbadd8ff6c5661c,42
Q12-building-01,building-01,Q12,1.0,1.0,mixed,building,0.04747408628463745,0.05005623772740364,0.12143142521381378,0.16099469363689423,0.20867617428302765,0.3017864227294922,3.814697265625e-06,0.0,0.0,,,,,244.30558097083122,11501.28173828125,research-v1,32a08982baea125f60feb95fe0a04dfe450ec9c12ee846384cbadd8ff6c5661c,42
Q12-vegetation-control,vegetation-control,Q12,1.0,1.0,mixed,wrong_vegetation,0.2060151994228363,0.178644597530365,0.5279551148414612,0.5904842615127563,0.6310025453567505,0.6629167795181274,0.2672233581542969,0.11370468139648438,0.0,,,,,244.67795190867037,11501.28173828125,research-v1,32a08982baea125f60feb95fe0a04dfe450ec9c12ee846384cbadd8ff6c5661c,42
Q13-building-01,building-01,Q13,1.0,1.0,mixed,building,0.14930498600006104,0.1488036960363388,0.37686365842819214,0.4529072940349579,0.5617080926895142,0.7408440709114075,0.18445205688476562,0.02635955810546875,0.000396728515625,,,,,246.0510559612885,11501.28173828125,research-v1,32a08982baea125f60feb95fe0a04dfe450ec9c12ee846384cbadd8ff6c5661c,42
Q13-vegetation-control,vegetation-control,Q13,1.0,1.0,mixed,wrong_vegetation,0.18253998458385468,0.14060936868190765,0.35880425572395325,0.4839528501033783,0.574034571647644,0.6696817874908447,0.1709747314453125,0.04567718505859375,0.0,,,,,246.06452404987067,11501.28173828125,research-v1,32a08982baea125f60feb95fe0a04dfe450ec9c12ee846384cbadd8ff6c5661c,42
Q14-building-01,building-01,Q14,1.0,1.0,mixed,building,0.0734458640217781,0.09923546761274338,0.19806183874607086,0.2529982328414917,0.5138000249862671,0.7763093709945679,0.029109954833984375,0.0105133056640625,0.002346038818359375,,,,,245.4286249121651,11501.28173828125,research-v1,32a08982baea125f60feb95fe0a04dfe450ec9c12ee846384cbadd8ff6c5661c,42
Q14-vegetation-control,vegetation-control,Q14,1.0,1.0,mixed,wrong_vegetation,0.26738300919532776,0.24957269430160522,0.6205729842185974,0.642433762550354,0.6807959675788879,0.799355685710907,0.4199790954589844,0.2951469421386719,0.002593994140625,,,,,242.00468696653843,11501.28173828125,research-v1,32a08982baea125f60feb95fe0a04dfe450ec9c12ee846384cbadd8ff6c5661c,42
Q15-building-01,building-01,Q15,1.0,1.0,mixed,building,0.08103025704622269,0.08034132421016693,0.19541743397712708,0.24439267814159393,0.33974161744117737,0.618947446346283,0.01853179931640625,0.000820159912109375,0.0,,,,,247.3874279530719,11501.28173828125,research-v1,32a08982baea125f60feb95fe0a04dfe450ec9c12ee846384cbadd8ff6c5661c,42
Q15-vegetation-control,vegetation-control,Q15,1.0,1.0,mixed,wrong_vegetation,0.35360395908355713,0.19201979041099548,0.5649400949478149,0.5915265083312988,0.67813640832901,0.7567625641822815,0.6236152648925781,0.3181266784667969,0.00371551513671875,,,,,246.5575879905373,11501.28173828125,research-v1,32a08982baea125f60feb95fe0a04dfe450ec9c12ee846384cbadd8ff6c5661c,42
Q16-building-01,building-01,Q16,1.0,1.0,mixed,building,0.077016681432724,0.07849476486444473,0.18102476000785828,0.23473863303661346,0.322573721408844,0.6129660606384277,0.0150909423828125,0.003650665283203125,0.0,,,,,249.07946307212114,11501.28173828125,research-v1,32a08982baea125f60feb95fe0a04dfe450ec9c12ee846384cbadd8ff6c5661c,42
Q16-vegetation-control,vegetation-control,Q16,1.0,1.0,mixed,wrong_vegetation,0.2326766401529312,0.1281653344631195,0.4174712598323822,0.46579015254974365,0.5143847465515137,0.645137369632721,0.3043479919433594,0.021694183349609375,0.0,,,,,244.11526299081743,11501.28173828125,research-v1,32a08982baea125f60feb95fe0a04dfe450ec9c12ee846384cbadd8ff6c5661c,42
Q14-1to2,building-01,Q14,1,2,same-region,building,0.053369633853435516,0.1327240765094757,0.1340254694223404,0.4056585431098938,0.6583424806594849,0.7964301109313965,0.06534576416015625,0.033725738525390625,0.00592803955078125,,,,,247.51598399598151,11501.28173828125,research-v1,32a08982baea125f60feb95fe0a04dfe450ec9c12ee846384cbadd8ff6c5661c,42
Q14-2to2,building-01,Q14,2,2,same-region,building,0.0416715107858181,0.09461192786693573,0.16478244960308075,0.2690076529979706,0.4317912757396698,0.7083796858787537,0.038539886474609375,0.006343841552734375,1.1444091796875e-05,,,,,244.56685909535736,11501.28173828125,research-v1,32a08982baea125f60feb95fe0a04dfe450ec9c12ee846384cbadd8ff6c5661c,42
Q14-2to1,building-01,Q14,2,1,same-region,building,0.04727454110980034,0.08622424304485321,0.1323278248310089,0.19467802345752716,0.4853860139846802,0.7525967955589294,0.020030975341796875,0.009380340576171875,0.00078582763671875,,,,,248.2315399684012,11501.28173828125,research-v1,32a08982baea125f60feb95fe0a04dfe450ec9c12ee846384cbadd8ff6c5661c,42
Q14-1.5to1.5,building-01,Q14,1.5,1.5,same-region,building,0.047295160591602325,0.0648784190416336,0.14976181089878082,0.19308412075042725,0.2572309076786041,0.46513667702674866,0.00286102294921875,0.0,0.0,,,,,244.63188694790006,11501.28173828125,research-v1,32a08982baea125f60feb95fe0a04dfe450ec9c12ee846384cbadd8ff6c5661c,42
Q15-1to2,building-01,Q15,1,2,distant-tile,building,0.04677484184503555,0.10243848711252213,0.15031859278678894,0.2782087028026581,0.525684118270874,0.7160342335700989,0.040088653564453125,0.01306915283203125,9.918212890625e-05,,,,,245.35096902400255,11501.28173828125,research-v1,32a08982baea125f60feb95fe0a04dfe450ec9c12ee846384cbadd8ff6c5661c,42
Q15-2to2,building-01,Q15,2,2,distant-tile,building,0.03998079150915146,0.08422704041004181,0.17241501808166504,0.22893385589122772,0.37411585450172424,0.6512428522109985,0.01940155029296875,0.002964019775390625,0.0,,,,,246.93735491018742,11501.28173828125,research-v1,32a08982baea125f60feb95fe0a04dfe450ec9c12ee846384cbadd8ff6c5661c,42
Q15-2to1,building-01,Q15,2,1,distant-tile,building,0.04651474952697754,0.06013431027531624,0.1394115388393402,0.17894722521305084,0.24749533832073212,0.4454028010368347,0.003437042236328125,0.0,0.0,,,,,247.14873195625842,11501.28173828125,research-v1,32a08982baea125f60feb95fe0a04dfe450ec9c12ee846384cbadd8ff6c5661c,42
Q15-1.5to1.5,building-01,Q15,1.5,1.5,distant-tile,building,0.033650077879428864,0.070409394800663,0.11950153857469559,0.2081560492515564,0.3036869168281555,0.5211881995201111,0.010494232177734375,0.0002288818359375,0.0,,,,,242.6672849105671,11501.28173828125,research-v1,32a08982baea125f60feb95fe0a04dfe450ec9c12ee846384cbadd8ff6c5661c,42
Q07-1to2,building-01,Q07,1,2,farmland-candidate,building,0.03750643879175186,0.09391836076974869,0.1029844731092453,0.16930687427520752,0.5702793002128601,0.822551965713501,0.025844573974609375,0.016056060791015625,0.001819610595703125,,,,,242.0768829761073,11501.28173828125,research-v1,32a08982baea125f60feb95fe0a04dfe450ec9c12ee846384cbadd8ff6c5661c,42
Q07-2to2,building-01,Q07,2,2,farmland-candidate,building,0.03290219604969025,0.07819943130016327,0.10405205935239792,0.2087067812681198,0.41743534803390503,0.6331802010536194,0.021511077880859375,0.003009796142578125,0.0,,,,,246.5538859833032,11501.28173828125,research-v1,32a08982baea125f60feb95fe0a04dfe450ec9c12ee846384cbadd8ff6c5661c,42
Q07-2to1,building-01,Q07,2,1,farmland-candidate,building,0.09210938215255737,0.131050705909729,0.2453100085258484,0.43386414647102356,0.5719015598297119,0.6169460415840149,0.07957839965820312,0.037364959716796875,0.0,,,,,247.11601191665977,11501.28173828125,research-v1,32a08982baea125f60feb95fe0a04dfe450ec9c12ee846384cbadd8ff6c5661c,42
Q07-1.5to1.5,building-01,Q07,1.5,1.5,farmland-candidate,building,0.03139319270849228,0.06756477802991867,0.08851195126771927,0.12286943942308426,0.39220884442329407,0.7224810123443604,0.011749267578125,0.007770538330078125,9.1552734375e-05,,,,,247.9798289714381,11501.28173828125,research-v1,32a08982baea125f60feb95fe0a04dfe450ec9c12ee846384cbadd8ff6c5661c,42
