query,region,correct,wrong,F1_correct,F1_wrong,IoU_correct,IoU_wrong,building_prob_correct,building_prob_wrong,building_recall_correct,building_recall_wrong,F1_wrong_minus_correct,mean_wrong_minus_correct,mean_absolute_probability_difference,foreground_ratio_difference@0.5,spatial_binary_disagreement@0.5
Q-urban-1-1m,urban,P1-1m,W-vegetation-1m,0.37068007608716125,0.0,0.22750601072683557,0.0,0.28016287088394165,0.004632746800780296,0.23395302396348422,0.0,-0.37068007608716125,-0.03865587338805199,0.09498759359121323,-0.026045223389198117,0.058137272481029754
Q-urban-1-1m,urban,P1-1m,W-field-1m,0.37068007608716125,0.0,0.22750601072683557,0.0,0.28016287088394165,0.0049071540124714375,0.23395302396348422,0.0,-0.37068007608716125,-0.04317767173051834,0.08750876039266586,-0.03924904910327673,0.04493344676695114
Q-urban-1-1m,urban,P2-1m,W-vegetation-1m,0.08442046308312273,0.0,0.04407045567995436,0.0,0.11478797346353531,0.004632746800780296,0.04407569418029669,0.0,-0.08442046308312273,-0.012837295420467854,0.06829240918159485,0.008953880078284456,0.023138169013547177
Q-urban-1-1m,urban,P2-1m,W-field-1m,0.08442046308312273,0.0,0.04407045567995436,0.0,0.11478797346353531,0.0049071540124714375,0.04407569418029669,0.0,-0.08442046308312273,-0.017359092831611633,0.058670904487371445,-0.004249945635794156,0.009934343299468566
Q-urban-1-1m,urban,P3-1m,W-vegetation-1m,0.048345937920475104,0.0,0.024771776340813997,0.0,0.041414592415094376,0.004632746800780296,0.024771776340813997,0.0,-0.048345937920475104,0.019547386094927788,0.03865881264209747,0.012070761213332774,0.020021287878498863
Q-urban-1-1m,urban,P3-1m,W-field-1m,0.048345937920475104,0.0,0.024771776340813997,0.0,0.041414592415094376,0.0049071540124714375,0.024771776340813997,0.0,-0.048345937920475104,0.015025588683784008,0.031863484531641006,-0.0011330645007458387,0.006817462164420249
Q-urban-1-1.5m,urban,P1-1.5m,W-vegetation-1.5m,0.0012660898923823592,0.0,0.000633445945945946,0.0,0.10261940956115723,0.003994305618107319,0.000633445945945946,0.0,-0.0012660898923823592,-0.017439978197216988,0.047658223658800125,0.005501297115824813,0.005730199908438883
Q-urban-1-1.5m,urban,P1-1.5m,W-field-1.5m,0.0012660898923823592,0.0,0.000633445945945946,0.0,0.10261940956115723,0.005089402664452791,0.000633445945945946,0.0,-0.0012660898923823592,-0.017989834770560265,0.04361567273736,-0.00011445139630703495,0.00011445139630703495
Q-urban-1-1.5m,urban,P2-1.5m,W-vegetation-1.5m,0.0,0.0,0.0,0.0,0.002951565897092223,0.003994305618107319,0.0,0.0,0.0,0.014306804165244102,0.015616128221154213,0.005615748512131848,0.005615748512131848
Q-urban-1-1.5m,urban,P2-1.5m,W-field-1.5m,0.0,0.0,0.0,0.0,0.002951565897092223,0.005089402664452791,0.0,0.0,0.0,0.0137569485232234,0.014324942603707314,0.0,0.0
Q-urban-1-1.5m,urban,P3-1.5m,W-vegetation-1.5m,0.0,0.0,0.0,0.0,0.0030029178597033024,0.003994305618107319,0.0,0.0,0.0,0.011710809543728828,0.015048722736537457,0.005615748512131848,0.005615748512131848
Q-urban-1-1.5m,urban,P3-1.5m,W-field-1.5m,0.0,0.0,0.0,0.0,0.0030029178597033024,0.005089402664452791,0.0,0.0,0.0,0.011160952970385551,0.012941082939505577,0.0,0.0
Q-urban-1-2m,urban,P1-2m,W-vegetation-2m,0.11278016649894794,0.0,0.0597599519128226,0.0,0.08907612413167953,0.009288867935538292,0.0613614191570271,0.0,-0.11278016649894794,-0.014332616701722145,0.04530129209160805,-0.014458971238473835,0.019326952056492992
Q-urban-1-2m,urban,P1-2m,W-field-2m,0.11278016649894794,0.0,0.0597599519128226,0.0,0.08907612413167953,0.0032853761222213507,0.0613614191570271,0.0,-0.11278016649894794,-0.021494023501873016,0.04404323920607567,-0.01624822124133511,0.01753770205363172
Q-urban-1-2m,urban,P2-2m,W-vegetation-2m,0.0,0.0,0.0,0.0,0.003311418229714036,0.009288867935538292,0.0,0.0,0.0,0.017772048711776733,0.017966825515031815,0.0024339904090095797,0.0024339904090095797
Q-urban-1-2m,urban,P2-2m,W-field-2m,0.0,0.0,0.0,0.0,0.003311418229714036,0.0032853761222213507,0.0,0.0,0.0,0.010610641911625862,0.01212037168443203,0.0006447404061483055,0.0006447404061483055
Q-urban-1-2m,urban,P3-2m,W-vegetation-2m,0.0,0.0,0.0,0.0,0.004499408882111311,0.009288867935538292,0.0,0.0,0.0,0.017509588971734047,0.018206926062703133,0.0024339904090095797,0.0024339904090095797
Q-urban-1-2m,urban,P3-2m,W-field-2m,0.0,0.0,0.0,0.0,0.004499408882111311,0.0032853761222213507,0.0,0.0,0.0,0.010348181240260601,0.012595318257808685,0.0006447404061483055,0.0006447404061483055
Q-urban-1-3m,urban,P1-3m,W-vegetation-3m,0.008472859221602107,0.0,0.004254453302750596,0.0,0.036796342581510544,0.0037621180526912212,0.004254532001479837,0.0,-0.008472859221602107,-0.014182784594595432,0.02216332219541073,-0.0008812992869487587,0.0008812992869487587
Q-urban-1-3m,urban,P1-3m,W-field-3m,0.008472859221602107,0.0,0.004254453302750596,0.0,0.036796342581510544,0.010584215633571148,0.004254532001479837,0.0,-0.008472859221602107,0.00479357922449708,0.0321863517165184,0.002155558862017527,0.003918157435915044
Q-urban-1-3m,urban,P2-3m,W-vegetation-3m,0.0,0.0,0.0,0.0,0.0001449224364478141,0.0037621180526912212,0.0,0.0,0.0,0.007052676286548376,0.007052774075418711,0.0,0.0
Q-urban-1-3m,urban,P2-3m,W-field-3m,0.0,0.0,0.0,0.0,0.0001449224364478141,0.010584215633571148,0.0,0.0,0.0,0.026029039174318314,0.026029039174318314,0.0030368581489662854,0.0030368581489662854
Q-urban-1-3m,urban,P3-3m,W-vegetation-3m,0.0,0.0,0.0,0.0,2.089558620355092e-05,0.0037621180526912212,0.0,0.0,0.0,0.007166188210248947,0.007166188210248947,0.0,0.0
Q-urban-1-3m,urban,P3-3m,W-field-3m,0.0,0.0,0.0,0.0,2.089558620355092e-05,0.010584215633571148,0.0,0.0,0.0,0.026142554357647896,0.026142554357647896,0.0030368581489662854,0.0030368581489662854
Q-urban-1-4m,urban,P1-4m,W-vegetation-4m,0.0,0.0,0.0,0.0,0.024786410853266716,0.0048515344969928265,0.0,0.0,0.0,-0.008427160792052746,0.02133595012128353,0.0,0.0
Q-urban-1-4m,urban,P1-4m,W-field-4m,0.0,0.0,0.0,0.0,0.024786410853266716,0.0029870045837014914,0.0,0.0,0.0,-0.008190748281776905,0.023518655449151993,0.0,0.0
Q-urban-1-4m,urban,P2-4m,W-vegetation-4m,0.0,0.0,0.0,0.0,0.0001763008622219786,0.0048515344969928265,0.0,0.0,0.0,0.010264360345900059,0.010303451679646969,0.0,0.0
Q-urban-1-4m,urban,P2-4m,W-field-4m,0.0,0.0,0.0,0.0,0.0001763008622219786,0.0029870045837014914,0.0,0.0,0.0,0.010500773787498474,0.010520931333303452,0.0,0.0
Q-urban-1-4m,urban,P3-4m,W-vegetation-4m,0.0,0.0,0.0,0.0,2.5287889002356678e-05,0.0048515344969928265,0.0,0.0,0.0,0.01040953304618597,0.01040953304618597,0.0,0.0
Q-urban-1-4m,urban,P3-4m,W-field-4m,0.0,0.0,0.0,0.0,2.5287889002356678e-05,0.0029870045837014914,0.0,0.0,0.0,0.010645946487784386,0.010645946487784386,0.0,0.0
Q-urban-2-1m,urban,P1-1m,W-vegetation-1m,0.4957168234752286,0.0,0.32953690582410466,0.0,0.29878300428390503,0.004303300753235817,0.3383509969462906,0.0,-0.4957168234752286,-0.06795985251665115,0.11291830986738205,-0.0654566820680893,0.08963856892677138
Q-urban-2-1m,urban,P1-1m,W-field-1m,0.4957168234752286,0.0,0.32953690582410466,0.0,0.29878300428390503,0.00503662321716547,0.3383509969462906,0.0,-0.4957168234752286,-0.07310491800308228,0.10475877672433853,-0.07723857960983911,0.07785667138502157
Q-urban-2-1m,urban,P2-1m,W-vegetation-1m,0.005952487034627791,0.0,0.002985127985127985,0.0,0.09649211168289185,0.004303300753235817,0.002999820370037722,0.0,-0.005952487034627791,-0.028769565746188164,0.07288724929094315,0.010408360263566542,0.013773526595115548
Q-urban-2-1m,urban,P2-1m,W-field-1m,0.005952487034627791,0.0,0.002985127985127985,0.0,0.09649211168289185,0.00503662321716547,0.002999820370037722,0.0,-0.005952487034627791,-0.03391462564468384,0.06323804706335068,-0.001373537278183268,0.0019916290533657384
Q-urban-2-1m,urban,P3-1m,W-vegetation-1m,0.0,0.0,0.0,0.0,0.015517227351665497,0.004303300753235817,0.0,0.0,0.0,0.01614135131239891,0.030816642567515373,0.012090943429341045,0.012090943429341045
Q-urban-2-1m,urban,P3-1m,W-field-1m,0.0,0.0,0.0,0.0,0.015517227351665497,0.00503662321716547,0.0,0.0,0.0,0.010996289551258087,0.023308029398322105,0.0003090458875912353,0.0003090458875912353
Q-urban-2-1.5m,urban,P1-1.5m,W-vegetation-1.5m,0.18662892348680377,0.0,0.10291822005105508,0.0,0.11704839020967484,0.004204029217362404,0.10443338737630682,0.0,-0.18662892348680377,-0.029068542644381523,0.05680646002292633,-0.02220814845618841,0.02658034191621107
Q-urban-2-1.5m,urban,P1-1.5m,W-field-1.5m,0.18662892348680377,0.0,0.10291822005105508,0.0,0.11704839020967484,0.00468265637755394,0.10443338737630682,0.0,-0.18662892348680377,-0.0309250820428133,0.05342017486691475,-0.024394245186199738,0.024394245186199738
Q-urban-2-1.5m,urban,P2-1.5m,W-vegetation-1.5m,0.0,0.0,0.0,0.0,0.0038157112430781126,0.004204029217362404,0.0,0.0,0.0,0.013291079550981522,0.014952615834772587,0.002186096730011331,0.002186096730011331
Q-urban-2-1.5m,urban,P2-1.5m,W-field-1.5m,0.0,0.0,0.0,0.0,0.0038157112430781126,0.00468265637755394,0.0,0.0,0.0,0.011434540152549744,0.012547901831567287,0.0,0.0
Q-urban-2-1.5m,urban,P3-1.5m,W-vegetation-1.5m,0.0,0.0,0.0,0.0,0.005535047501325607,0.004204029217362404,0.0,0.0,0.0,0.010697221383452415,0.01587340049445629,0.002186096730011331,0.002186096730011331
Q-urban-2-1.5m,urban,P3-1.5m,W-field-1.5m,0.0,0.0,0.0,0.0,0.005535047501325607,0.00468265637755394,0.0,0.0,0.0,0.008840681053698063,0.012663562782108784,0.0,0.0
Q-urban-2-2m,urban,P1-2m,W-vegetation-2m,0.16611804866154622,0.0,0.09058273818568606,0.0,0.09207195043563843,0.008708188310265541,0.09474708944252394,0.0,-0.16611804866154622,-0.02234639972448349,0.04352479800581932,-0.027021871578393183,0.027021871578393183
Q-urban-2-2m,urban,P1-2m,W-field-2m,0.16611804866154622,0.0,0.09058273818568606,0.0,0.09207195043563843,0.0037347886245697737,0.09474708944252394,0.0,-0.16611804866154622,-0.02793290838599205,0.04279016703367233,-0.027021871578393183,0.027021871578393183
Q-urban-2-2m,urban,P2-2m,W-vegetation-2m,0.0,0.0,0.0,0.0,0.0037456208374351263,0.008708188310265541,0.0,0.0,0.0,0.01183348149061203,0.012430474162101746,0.0,0.0
Q-urban-2-2m,urban,P2-2m,W-field-2m,0.0,0.0,0.0,0.0,0.0037456208374351263,0.0037347886245697737,0.0,0.0,0.0,0.006246975157409906,0.008161644451320171,0.0,0.0
Q-urban-2-2m,urban,P3-2m,W-vegetation-2m,0.0,0.0,0.0,0.0,0.008322082459926605,0.008708188310265541,0.0,0.0,0.0,0.010112752206623554,0.01279529370367527,0.0,0.0
Q-urban-2-2m,urban,P3-2m,W-field-2m,0.0,0.0,0.0,0.0,0.008322082459926605,0.0037347886245697737,0.0,0.0,0.0,0.004526245873421431,0.009372820146381855,0.0,0.0
Q-urban-2-3m,urban,P1-3m,W-vegetation-3m,0.07356150709729813,0.0,0.03818523527655314,0.0,0.06087978929281235,0.0026887552812695503,0.039243293981732194,0.0,-0.07356150709729813,-0.03064802475273609,0.03606106713414192,-0.014149791701637392,0.014149791701637392
Q-urban-2-3m,urban,P1-3m,W-field-3m,0.07356150709729813,0.0,0.03818523527655314,0.0,0.06087978929281235,0.006762743461877108,0.039243293981732194,0.0,-0.07356150709729813,-0.016666991636157036,0.04361705854535103,-0.014016267110222642,0.014283316293052144
Q-urban-2-3m,urban,P2-3m,W-vegetation-3m,0.0,0.0,0.0,0.0,0.00014612743689212948,0.0026887552812695503,0.0,0.0,0.0,0.00483576487749815,0.004841140005737543,0.0,0.0
Q-urban-2-3m,urban,P2-3m,W-field-3m,0.0,0.0,0.0,0.0,0.00014612743689212948,0.006762743461877108,0.0,0.0,0.0,0.01881679892539978,0.01881679892539978,0.00013352459141475028,0.00013352459141475028
Q-urban-2-3m,urban,P3-3m,W-vegetation-3m,0.0,0.0,0.0,0.0,1.6735120880184695e-05,0.0026887552812695503,0.0,0.0,0.0,0.00495415274053812,0.00495415274053812,0.0,0.0
Q-urban-2-3m,urban,P3-3m,W-field-3m,0.0,0.0,0.0,0.0,1.6735120880184695e-05,0.006762743461877108,0.0,0.0,0.0,0.01893518678843975,0.01893518678843975,0.00013352459141475028,0.00013352459141475028
Q-urban-2-4m,urban,P1-4m,W-vegetation-4m,0.0,0.0,0.0,0.0,0.013924218714237213,0.002436572453007102,0.0,0.0,0.0,-0.006686965003609657,0.01218754518777132,0.0,0.0
Q-urban-2-4m,urban,P1-4m,W-field-4m,0.0,0.0,0.0,0.0,0.013924218714237213,0.001552005996927619,0.0,0.0,0.0,-0.006349661853164434,0.013904749415814877,0.0,0.0
Q-urban-2-4m,urban,P2-4m,W-vegetation-4m,0.0,0.0,0.0,0.0,9.838060213951394e-05,0.002436572453007102,0.0,0.0,0.0,0.005965872667729855,0.005965872667729855,0.0,0.0
Q-urban-2-4m,urban,P2-4m,W-field-4m,0.0,0.0,0.0,0.0,9.838060213951394e-05,0.001552005996927619,0.0,0.0,0.0,0.00630317535251379,0.006303176749497652,0.0,0.0
Q-urban-2-4m,urban,P3-4m,W-vegetation-4m,0.0,0.0,0.0,0.0,1.4918679880793206e-05,0.002436572453007102,0.0,0.0,0.0,0.006078055594116449,0.006078055594116449,0.0,0.0
Q-urban-2-4m,urban,P3-4m,W-field-4m,0.0,0.0,0.0,0.0,1.4918679880793206e-05,0.001552005996927619,0.0,0.0,0.0,0.006415357813239098,0.006415357813239098,0.0,0.0
Q-outskirts-1-1m,outskirts,P1-1m,W-vegetation-1m,0.0,0.0,0.0,0.0,0.1653190553188324,0.094629667699337,0.0,0.0,0.0,0.40428099036216736,0.4047433137893677,0.3937225341796875,0.3937225341796875
Q-outskirts-1-1m,outskirts,P1-1m,W-field-1m,0.0,0.0,0.0,0.0,0.1653190553188324,0.04584340378642082,0.0,0.0,0.0,0.30869001150131226,0.30904504656791687,0.22079849243164062,0.22079849243164062
Q-outskirts-1-1m,outskirts,P2-1m,W-vegetation-1m,0.0,0.0,0.0,0.0,0.13154350221157074,0.094629667699337,0.0,0.0,0.0,0.41559454798698425,0.4156670868396759,0.3937225341796875,0.3937225341796875
Q-outskirts-1-1m,outskirts,P2-1m,W-field-1m,0.0,0.0,0.0,0.0,0.13154350221157074,0.04584340378642082,0.0,0.0,0.0,0.32000356912612915,0.3202184736728668,0.22079849243164062,0.22079849243164062
Q-outskirts-1-1m,outskirts,P3-1m,W-vegetation-1m,0.0,0.0,0.0,0.0,0.022502150386571884,0.094629667699337,0.0,0.0,0.0,0.4098212718963623,0.4099341630935669,0.3937225341796875,0.3937225341796875
Q-outskirts-1-1m,outskirts,P3-1m,W-field-1m,0.0,0.0,0.0,0.0,0.022502150386571884,0.04584340378642082,0.0,0.0,0.0,0.3142302632331848,0.31423068046569824,0.22079849243164062,0.22079849243164062
Q-outskirts-1-1.5m,outskirts,P1-1.5m,W-vegetation-1.5m,0.0,4.3605918776708624e-05,0.0,2.1803434767757082e-05,0.03532339632511139,0.1576225310564041,0.0,0.02631578947368421,4.3605918776708624e-05,0.47779273986816406,0.477814257144928,0.5244522094726562,0.5244522094726562
Q-outskirts-1-1.5m,outskirts,P1-1.5m,W-field-1.5m,0.0,0.0,0.0,0.0,0.03532339632511139,0.07405450940132141,0.0,0.0,0.0,0.3477367162704468,0.34780797362327576,0.2711906433105469,0.2711906433105469
Q-outskirts-1-1.5m,outskirts,P2-1.5m,W-vegetation-1.5m,0.0,4.3605918776708624e-05,0.0,2.1803434767757082e-05,0.07222767919301987,0.1576225310564041,0.0,0.02631578947368421,4.3605918776708624e-05,0.35455623269081116,0.3545875549316406,0.5212135314941406,0.5212135314941406
Q-outskirts-1-1.5m,outskirts,P2-1.5m,W-field-1.5m,0.0,0.0,0.0,0.0,0.07222767919301987,0.07405450940132141,0.0,0.0,0.0,0.22450026869773865,0.22457897663116455,0.26795196533203125,0.26795196533203125
Q-outskirts-1-1.5m,outskirts,P3-1.5m,W-vegetation-1.5m,0.0,4.3605918776708624e-05,0.0,2.1803434767757082e-05,0.03526197746396065,0.1576225310564041,0.0,0.02631578947368421,4.3605918776708624e-05,0.4526402950286865,0.45473989844322205,0.5244522094726562,0.5244522094726562
Q-outskirts-1-1.5m,outskirts,P3-1.5m,W-field-1.5m,0.0,0.0,0.0,0.0,0.03526197746396065,0.07405450940132141,0.0,0.0,0.0,0.3225843012332916,0.32486963272094727,0.2711906433105469,0.2711906433105469
Q-outskirts-1-2m,outskirts,P1-2m,W-vegetation-2m,0.0,0.0,0.0,0.0,0.016115158796310425,0.04064125195145607,0.0,0.0,0.0,0.33952265977859497,0.3407818675041199,0.3389396667480469,0.3389396667480469
Q-outskirts-1-2m,outskirts,P1-2m,W-field-2m,0.0,0.0,0.0,0.0,0.016115158796310425,0.023326406255364418,0.0,0.0,0.0,0.2693519592285156,0.2703545093536377,0.18353271484375,0.18353271484375
Q-outskirts-1-2m,outskirts,P2-2m,W-vegetation-2m,0.0,0.0,0.0,0.0,0.013026762753725052,0.04064125195145607,0.0,0.0,0.0,0.3397676944732666,0.3398047685623169,0.3389396667480469,0.3389396667480469
Q-outskirts-1-2m,outskirts,P2-2m,W-field-2m,0.0,0.0,0.0,0.0,0.013026762753725052,0.023326406255364418,0.0,0.0,0.0,0.26959699392318726,0.2696651220321655,0.18353271484375,0.18353271484375
Q-outskirts-1-2m,outskirts,P3-2m,W-vegetation-2m,0.0,0.0,0.0,0.0,0.010151646099984646,0.04064125195145607,0.0,0.0,0.0,0.3129029870033264,0.3203488886356354,0.3389396667480469,0.3389396667480469
Q-outskirts-1-2m,outskirts,P3-2m,W-field-2m,0.0,0.0,0.0,0.0,0.010151646099984646,0.023326406255364418,0.0,0.0,0.0,0.24273225665092468,0.2497943788766861,0.18353271484375,0.18353271484375
Q-outskirts-1-3m,outskirts,P1-3m,W-vegetation-3m,0.1471403376165281,0.0,0.07941256459069894,0.0,0.45599597692489624,0.015382112935185432,0.5714285714285714,0.0,-0.1471403376165281,-0.02473418414592743,0.0403396338224411,-0.013191273465246067,0.013191273465246067
Q-outskirts-1-3m,outskirts,P1-3m,W-field-3m,0.1471403376165281,0.0,0.07941256459069894,0.0,0.45599597692489624,0.0228715892881155,0.5714285714285714,0.0,-0.1471403376165281,0.15153899788856506,0.18835529685020447,0.059108959613645984,0.08549150654413812
Q-outskirts-1-3m,outskirts,P2-3m,W-vegetation-3m,0.0,0.0,0.0,0.0,0.0027783135883510113,0.015382112935185432,0.0,0.0,0.0,0.022118760272860527,0.022119024768471718,0.0,0.0
Q-outskirts-1-3m,outskirts,P2-3m,W-field-3m,0.0,0.0,0.0,0.0,0.0027783135883510113,0.0228715892881155,0.0,0.0,0.0,0.19839194416999817,0.19839194416999817,0.07230023307889205,0.07230023307889205
Q-outskirts-1-3m,outskirts,P3-3m,W-vegetation-3m,0.0,0.0,0.0,0.0,0.0004615169018507004,0.015382112935185432,0.0,0.0,0.0,0.021466830745339394,0.02147248014807701,0.0,0.0
Q-outskirts-1-3m,outskirts,P3-3m,W-field-3m,0.0,0.0,0.0,0.0,0.0004615169018507004,0.0228715892881155,0.0,0.0,0.0,0.19774001836776733,0.19774001836776733,0.07230023307889205,0.07230023307889205
Q-outskirts-1-4m,outskirts,P1-4m,W-vegetation-4m,0.0,0.0,0.0,0.0,0.1282481700181961,0.007772250100970268,0.0,0.0,0.0,-0.007987543009221554,0.03184672072529793,-0.01111653670669739,0.01111653670669739
Q-outskirts-1-4m,outskirts,P1-4m,W-field-4m,0.0,0.0,0.0,0.0,0.1282481700181961,0.007135115098208189,0.0,0.0,0.0,0.03867986798286438,0.07921142131090164,-0.01102879465307555,0.01120427876031923
Q-outskirts-1-4m,outskirts,P2-4m,W-vegetation-4m,0.0,0.0,0.0,0.0,0.0007594684138894081,0.007772250100970268,0.0,0.0,0.0,0.022049713879823685,0.022049713879823685,0.0,0.0
Q-outskirts-1-4m,outskirts,P2-4m,W-field-4m,0.0,0.0,0.0,0.0,0.0007594684138894081,0.007135115098208189,0.0,0.0,0.0,0.0687171220779419,0.06871804594993591,8.774205362183938e-05,8.774205362183938e-05
Q-outskirts-1-4m,outskirts,P3-4m,W-vegetation-4m,0.0,0.0,0.0,0.0,0.00010957061749650165,0.007772250100970268,0.0,0.0,0.0,0.02202126570045948,0.02202126570045948,0.0,0.0
Q-outskirts-1-4m,outskirts,P3-4m,W-field-4m,0.0,0.0,0.0,0.0,0.00010957061749650165,0.007135115098208189,0.0,0.0,0.0,0.06868867576122284,0.06868867576122284,8.774205362183938e-05,8.774205362183938e-05
Q-outskirts-2-1m,outskirts,P1-1m,W-vegetation-1m,0.0,0.0,0.0,0.0,0.23786351084709167,0.14684192836284637,0.0,0.0,0.0,0.39010730385780334,0.39041760563850403,0.43951416015625,0.43951416015625
Q-outskirts-2-1m,outskirts,P1-1m,W-field-1m,0.0,0.0,0.0,0.0,0.23786351084709167,0.07127449661493301,0.0,0.0,0.0,0.3183918595314026,0.3189350962638855,0.34008026123046875,0.34008026123046875
Q-outskirts-2-1m,outskirts,P2-1m,W-vegetation-1m,0.0,0.0,0.0,0.0,0.24115097522735596,0.14684192836284637,0.0,0.0,0.0,0.4151088297367096,0.4153826832771301,0.4398002624511719,0.4398002624511719
Q-outskirts-2-1m,outskirts,P2-1m,W-field-1m,0.0,0.0,0.0,0.0,0.24115097522735596,0.07127449661493301,0.0,0.0,0.0,0.3433934450149536,0.3439837098121643,0.3403663635253906,0.3403663635253906
Q-outskirts-2-1m,outskirts,P3-1m,W-vegetation-1m,0.0,0.0,0.0,0.0,0.06249798461794853,0.14684192836284637,0.0,0.0,0.0,0.4024863541126251,0.4024902582168579,0.4397926330566406,0.4397926330566406
Q-outskirts-2-1m,outskirts,P3-1m,W-field-1m,0.0,0.0,0.0,0.0,0.06249798461794853,0.07127449661493301,0.0,0.0,0.0,0.33077096939086914,0.3307822048664093,0.3403587341308594,0.3403587341308594
Q-outskirts-2-1.5m,outskirts,P1-1.5m,W-vegetation-1.5m,0.0,0.0,0.0,0.0,0.07785817980766296,0.16929331421852112,0.0,0.0,0.0,0.4322553277015686,0.43249404430389404,0.4626655578613281,0.4626655578613281
Q-outskirts-2-1.5m,outskirts,P1-1.5m,W-field-1.5m,0.0,0.0,0.0,0.0,0.07785817980766296,0.05991064012050629,0.0,0.0,0.0,0.3390927314758301,0.33944177627563477,0.307342529296875,0.307342529296875
Q-outskirts-2-1.5m,outskirts,P2-1.5m,W-vegetation-1.5m,0.0,0.0,0.0,0.0,0.0824834331870079,0.16929331421852112,0.0,0.0,0.0,0.32350438833236694,0.3238539397716522,0.4623832702636719,0.4629173278808594
Q-outskirts-2-1.5m,outskirts,P2-1.5m,W-field-1.5m,0.0,0.0,0.0,0.0,0.0824834331870079,0.05991064012050629,0.0,0.0,0.0,0.23034176230430603,0.2319406419992447,0.30706024169921875,0.30762481689453125
Q-outskirts-2-1.5m,outskirts,P3-1.5m,W-vegetation-1.5m,0.0,0.0,0.0,0.0,0.03565869852900505,0.16929331421852112,0.0,0.0,0.0,0.39569658041000366,0.4033057391643524,0.4626655578613281,0.4626655578613281
Q-outskirts-2-1.5m,outskirts,P3-1.5m,W-field-1.5m,0.0,0.0,0.0,0.0,0.03565869852900505,0.05991064012050629,0.0,0.0,0.0,0.30253392457962036,0.30956095457077026,0.307342529296875,0.307342529296875
Q-outskirts-2-2m,outskirts,P1-2m,W-vegetation-2m,0.0,0.0,0.0,0.0,0.00616459408774972,0.081527478992939,0.0,0.0,0.0,0.3481486439704895,0.3538844585418701,0.334075927734375,0.334075927734375
Q-outskirts-2-2m,outskirts,P1-2m,W-field-2m,0.0,0.0,0.0,0.0,0.00616459408774972,0.042262595146894455,0.0,0.0,0.0,0.28238070011138916,0.28759363293647766,0.22251129150390625,0.22251129150390625
Q-outskirts-2-2m,outskirts,P2-2m,W-vegetation-2m,0.0,0.0,0.0,0.0,0.005959802772849798,0.081527478992939,0.0,0.0,0.0,0.34888404607772827,0.3488848805427551,0.334075927734375,0.334075927734375
Q-outskirts-2-2m,outskirts,P2-2m,W-field-2m,0.0,0.0,0.0,0.0,0.005959802772849798,0.042262595146894455,0.0,0.0,0.0,0.28311610221862793,0.28311771154403687,0.22251129150390625,0.22251129150390625
Q-outskirts-2-2m,outskirts,P3-2m,W-vegetation-2m,0.0,0.0,0.0,0.0,0.009272437542676926,0.081527478992939,0.0,0.0,0.0,0.31342172622680664,0.326691210269928,0.334075927734375,0.334075927734375
Q-outskirts-2-2m,outskirts,P3-2m,W-field-2m,0.0,0.0,0.0,0.0,0.009272437542676926,0.042262595146894455,0.0,0.0,0.0,0.2476538121700287,0.26035234332084656,0.22251129150390625,0.22251129150390625
Q-outskirts-2-3m,outskirts,P1-3m,W-vegetation-3m,0.07075008188666886,0.0,0.0366723259762309,0.0,0.2451130598783493,0.005546261090785265,0.22736842105263158,0.0,-0.07075008188666886,-0.02739829197525978,0.04697650671005249,-0.009834439612420844,0.009834439612420844
Q-outskirts-2-3m,outskirts,P1-3m,W-field-3m,0.07075008188666886,0.0,0.0366723259762309,0.0,0.2451130598783493,0.015714850276708603,0.22736842105263158,0.0,-0.07075008188666886,0.13090462982654572,0.1709548979997635,0.03398947127489128,0.053658350499732964
Q-outskirts-2-3m,outskirts,P2-3m,W-vegetation-3m,0.0,0.0,0.0,0.0,0.0020388246048241854,0.005546261090785265,0.0,0.0,0.0,0.025817740708589554,0.025830943137407303,0.0,0.0
Q-outskirts-2-3m,outskirts,P2-3m,W-field-3m,0.0,0.0,0.0,0.0,0.0020388246048241854,0.015714850276708603,0.0,0.0,0.0,0.18412066996097565,0.18414148688316345,0.04382391088731212,0.04382391088731212
Q-outskirts-2-3m,outskirts,P3-3m,W-vegetation-3m,0.0,0.0,0.0,0.0,0.00027766538551077247,0.005546261090785265,0.0,0.0,0.0,0.02577344700694084,0.025774475187063217,0.0,0.0
Q-outskirts-2-3m,outskirts,P3-3m,W-field-3m,0.0,0.0,0.0,0.0,0.00027766538551077247,0.015714850276708603,0.0,0.0,0.0,0.18407635390758514,0.18407635390758514,0.04382391088731212,0.04382391088731212
Q-outskirts-2-4m,outskirts,P1-4m,W-vegetation-4m,0.0,0.0,0.0,0.0,0.08533083647489548,0.01029953919351101,0.0,0.0,0.0,-0.007950161583721638,0.027151884511113167,-0.01028477692791882,0.01028477692791882
Q-outskirts-2-4m,outskirts,P1-4m,W-field-4m,0.0,0.0,0.0,0.0,0.08533083647489548,0.008148753084242344,0.0,0.0,0.0,0.041554585099220276,0.07402247935533524,-0.010094035516050889,0.01047551833978675
Q-outskirts-2-4m,outskirts,P2-4m,W-vegetation-4m,0.0,0.0,0.0,0.0,0.0008697282755747437,0.01029953919351101,0.0,0.0,0.0,0.026088401675224304,0.026088401675224304,0.0,0.0
Q-outskirts-2-4m,outskirts,P2-4m,W-field-4m,0.0,0.0,0.0,0.0,0.0008697282755747437,0.008148753084242344,0.0,0.0,0.0,0.07559315115213394,0.0755932480096817,0.00019074141186793065,0.00019074141186793065
Q-outskirts-2-4m,outskirts,P3-4m,W-vegetation-4m,0.0,0.0,0.0,0.0,0.0001713050005491823,0.01029953919351101,0.0,0.0,0.0,0.026161283254623413,0.026161283254623413,0.0,0.0
Q-outskirts-2-4m,outskirts,P3-4m,W-field-4m,0.0,0.0,0.0,0.0,0.0001713050005491823,0.008148753084242344,0.0,0.0,0.0,0.07566603273153305,0.07566603273153305,0.00019074141186793065,0.00019074141186793065
SAT-42,satellite,SAT-42,SW-43,0.19298245614035087,0.0,0.10679611650485436,0.0,0.24087278544902802,0.05913909524679184,0.13294156780130834,0.0,-0.19298245614035087,0.1693437695503235,0.2035658061504364,0.00957489013671875,0.0355682373046875
SAT-42,satellite,SAT-42,SW-3725,0.19298245614035087,0.0,0.10679611650485436,0.0,0.24087278544902802,0.13526834547519684,0.13294156780130834,0.0,-0.19298245614035087,0.2880329191684723,0.30775123834609985,0.29297637939453125,0.3189697265625
SAT-42,satellite,SAT-1551,SW-43,0.22969753843932722,0.0,0.1297504485402055,0.0,0.3008762001991272,0.05913909524679184,0.1764053664486085,0.0,-0.22969753843932722,0.18327337503433228,0.2269824743270874,0.004131317138671875,0.041011810302734375
SAT-42,satellite,SAT-1551,SW-3725,0.22969753843932722,0.0,0.1297504485402055,0.0,0.3008762001991272,0.13526834547519684,0.1764053664486085,0.0,-0.22969753843932722,0.3019624948501587,0.3307346701622009,0.2875328063964844,0.3244132995605469
SAT-43,satellite,SAT-42,SW-43,0.304581097812629,0.0,0.17964946445959104,0.0,0.43006235361099243,0.11163341999053955,0.18199753390875462,0.0,-0.304581097812629,0.2267025262117386,0.2584848403930664,0.35626983642578125,0.3623046875
SAT-43,satellite,SAT-42,SW-3725,0.304581097812629,0.0,0.17964946445959104,0.0,0.43006235361099243,0.14149580895900726,0.18199753390875462,0.0,-0.304581097812629,0.28687694668769836,0.3110473155975342,0.4144554138183594,0.4204902648925781
SAT-43,satellite,SAT-1551,SW-43,0.7420099647587799,0.0,0.5898377125193199,0.0,0.5539889931678772,0.11163341999053955,0.7528976572133169,0.0,-0.7420099647587799,0.2785576581954956,0.3195018172264099,0.3433647155761719,0.3752098083496094
SAT-43,satellite,SAT-1551,SW-3725,0.7420099647587799,0.0,0.5898377125193199,0.0,0.5539889931678772,0.14149580895900726,0.7528976572133169,0.0,-0.7420099647587799,0.3387320935726166,0.3719814717769623,0.40155029296875,0.4333953857421875
SAT-1551,satellite,SAT-42,SW-43,0.5305474300041788,0.0,0.36105107496303035,0.0,0.44835007190704346,0.10336533933877945,0.44138506466416355,0.0,-0.5305474300041788,0.2839295268058777,0.32943642139434814,0.4819068908691406,0.5183296203613281
SAT-1551,satellite,SAT-42,SW-3725,0.5305474300041788,0.0,0.36105107496303035,0.0,0.44835007190704346,0.16033050417900085,0.44138506466416355,0.0,-0.5305474300041788,0.31546735763549805,0.3460933268070221,0.5304985046386719,0.5669212341308594
SAT-1551,satellite,SAT-1551,SW-43,0.6295528575658869,0.0,0.45937770095073466,0.0,0.510862410068512,0.10336533933877945,0.591294673897928,0.0,-0.6295528575658869,0.32544851303100586,0.37600186467170715,0.47602081298828125,0.5242156982421875
SAT-1551,satellite,SAT-1551,SW-3725,0.6295528575658869,0.0,0.45937770095073466,0.0,0.510862410068512,0.16033050417900085,0.591294673897928,0.0,-0.6295528575658869,0.3569863736629486,0.39405202865600586,0.5246124267578125,0.5728073120117188
SAT-3725,satellite,SAT-42,SW-43,0.6733921815889029,0.0,0.5076045627376425,0.0,0.5376771688461304,0.13952293992042542,0.7593856655290102,0.0,-0.6733921815889029,0.20503802597522736,0.3014591932296753,0.2678031921386719,0.3688316345214844
SAT-3725,satellite,SAT-42,SW-3725,0.6733921815889029,0.0,0.5076045627376425,0.0,0.5376771688461304,0.21792221069335938,0.7593856655290102,0.0,-0.6733921815889029,0.22099757194519043,0.2892386019229889,0.22546768188476562,0.3264961242675781
SAT-3725,satellite,SAT-1551,SW-43,0.6793872614888471,0.0,0.5144485144485145,0.0,0.5383310317993164,0.13952293992042542,0.838832006067501,0.0,-0.6793872614888471,0.20278896391391754,0.31032800674438477,0.25919342041015625,0.37744140625
SAT-3725,satellite,SAT-1551,SW-3725,0.6793872614888471,0.0,0.5144485144485145,0.0,0.5383310317993164,0.21792221069335938,0.838832006067501,0.0,-0.6793872614888471,0.21874849498271942,0.2955377697944641,0.21685791015625,0.33510589599609375
